CREATE DATABASE LABORATORIO;
USE LABORATORIO;

CREATE TABLE FACTURAS (
	LETRA CHAR,
	NUMERO INT,
	CLIENTEID INT,
    ARTICULOID INT,
    FECHA DATE,
    MONTO DOUBLE,
    PRIMARY KEY (LETRA, NUMERO)
);

CREATE TABLE ARTICULOS (
	ARTICULOSID INT PRIMARY KEY,
    NOMBRE VARCHAR(50),
    PRECIO DOUBLE,
    STOCK INT
);

CREATE TABLE CLIENTES (
	CLIENTEID INT PRIMARY KEY,
	NOMBRE VARCHAR(25),
    APELLIDO VARCHAR(25),
    CUIT CHAR(16),
    DIRECCION VARCHAR(50),
    COMENTARIOS VARCHAR(50)
);

SHOW DATABASES;
# SHOW TABLES;
DESC CLIENTES;

ALTER TABLE FACTURAS
CHANGE CLIENTEID IDCLIENTE INT,
CHANGE ARTICULOID IDARTICULO INT,
MODIFY MONTO DOUBLE UNSIGNED;
DESC FACTURAS;

ALTER TABLE ARTICULOS
CHANGE ARTICULOSID IDARTICULO INT,
MODIFY NOMBRE VARCHAR(75),
MODIFY PRECIO DOUBLE UNSIGNED NOT NULL,
MODIFY STOCK INT UNSIGNED NOT NULL;
DESC ARTICULOS;

ALTER TABLE CLIENTES
CHANGE CLIENTEID IDCLIENTE INT,
MODIFY NOMBRE VARCHAR(30) NOT NULL,
MODIFY APELLIDO VARCHAR(35) NOT NULL,
CHANGE COMENTARIOS OBSERVACIONES VARCHAR(255);
DESC CLIENTES;

INSERT INTO FACTURAS
VALUES	('A', 28, 14, 335, '2021-03-18', 1589.50),
		('A', 39, 26, 157, '2021-04-12', 979.75),
        ('B', 8, 17, 95, '2021-04-25', 513.35),
        ('B', 12, 5, 411, '2021-05-03', 2385.70),
        ('B', 19, 50, 157, '2021-05-26', 979.75);
SELECT * FROM FACTURAS;

INSERT INTO ARTICULOS
VALUES	(95, 'Webcam con Micrófono Plug & play', 513.35, 39),
		(157, 'Apple AirPods Pro', 979.75, 152),
        (335, 'Lavasecarropas Automático Samsung', 1589.50, 12),
        (411, 'Gloria Trevi / Gloria / CD+DVD', 2385.70, 2);
SELECT * FROM ARTICULOS;

INSERT INTO CLIENTES
VALUES	(5, 'Santiago', 'González', '23-24582359-9', 'Uriburu 558 - 7°A', 'VIP'),
		(14, 'Gloria', 'Fernández', '23-35965852-5', 'Constitución 323', 'GBA'),
        (17, 'Gonzalo', 'López', '23-33587416-0', 'Arias 2624', 'GBA'),
        (26, 'Carlos', 'García', '23-42321230-9', 'Pasteur 322 - 2°C', 'VIP'),
        (50, 'Micaela', 'Altieri', '23-22885566-5', 'Santamarina 1255', 'GBA');
SELECT * FROM CLIENTES;

-- Se importó la tabla CLIENTES_NEPTUNO.

ALTER TABLE CLIENTES_NEPTUNO
MODIFY IDCliente VARCHAR(5) PRIMARY KEY,
MODIFY NombreCompania VARCHAR(100) NOT NULL,
MODIFY Pais VARCHAR(15) NOT NULL
;
DESC CLIENTES_NEPTUNO;

ALTER TABLE CLIENTES RENAME CONTACTOS;

-- Se importó la tabla CLIENTES.

ALTER TABLE CLIENTES
MODIFY COD_CLIENTE VARCHAR(7) PRIMARY KEY,
MODIFY EMPRESA VARCHAR(100) NOT NULL,
MODIFY CIUDAD VARCHAR(25) NOT NULL,
MODIFY TELEFONO INT UNSIGNED,
MODIFY RESPONSABLE VARCHAR(30)
;
DESC CLIENTES;

-- Se importó la tabla PEDIDOS.

ALTER TABLE PEDIDOS
MODIFY NUMERO_PEDIDO INT UNSIGNED PRIMARY KEY,
MODIFY CODIGO_CLIENTE VARCHAR(7) NOT NULL,
MODIFY FECHA_PEDIDO DATE NOT NULL,
MODIFY FORMA_PAGO ENUM('APLAZADO','CONTADO','TARJETA'),
MODIFY ENVIADO ENUM('SI','NO')
;
DESC PEDIDOS;

-- Se importó la tabla PRODUCTOS.

ALTER TABLE PRODUCTOS
MODIFY COD_PRODUCTO INT UNSIGNED PRIMARY KEY,
MODIFY SECCION VARCHAR(20) NOT NULL,
MODIFY NOMBRE VARCHAR(40) NOT NULL,
MODIFY IMPORTADO ENUM('VERDADERO','FALSO') NOT NULL,
MODIFY ORIGEN VARCHAR(25) NOT NULL,
MODIFY DIA INT UNSIGNED NOT NULL,
MODIFY MES INT UNSIGNED NOT NULL,
MODIFY ANO INT UNSIGNED NOT NULL
;
DESC PRODUCTOS;

-- Se ejecutó el script NACIMIENTOS.

DESC CLIENTES_NEPTUNO;
SELECT NOMBRECOMPANIA, CIUDAD, PAIS FROM CLIENTES_NEPTUNO;
SELECT NOMBRECOMPANIA, CIUDAD, PAIS FROM CLIENTES_NEPTUNO ORDER BY PAIS;
SELECT NOMBRECOMPANIA, CIUDAD, PAIS FROM CLIENTES_NEPTUNO ORDER BY PAIS, CIUDAD;
SELECT NOMBRECOMPANIA, CIUDAD, PAIS FROM CLIENTES_NEPTUNO ORDER BY PAIS LIMIT 10;
SELECT NOMBRECOMPANIA, CIUDAD, PAIS FROM CLIENTES_NEPTUNO ORDER BY PAIS LIMIT 5 OFFSET 10;

DESC NACIMIENTOS;
SELECT * FROM NACIMIENTOS WHERE NACIONALIDAD = 'EXTRANJERA';
SELECT * FROM NACIMIENTOS WHERE EDAD_MADRE < 18 ORDER BY EDAD_MADRE;
SELECT * FROM NACIMIENTOS WHERE EDAD_MADRE = EDAD_PADRE;
SELECT * FROM NACIMIENTOS WHERE EDAD_PADRE - EDAD_MADRE > 40;

DESC CLIENTES_NEPTUNO;
SELECT * FROM CLIENTES_NEPTUNO WHERE PAIS = 'Argentina';
SELECT * FROM CLIENTES_NEPTUNO WHERE CIUDAD <> 'Argentina' ORDER BY PAIS;

DESC NACIMIENTOS;
SELECT * FROM NACIMIENTOS WHERE SEMANAS < 20 ORDER BY SEMANAS DESC;
SELECT * FROM NACIMIENTOS WHERE SEXO = 'FEMENINO' AND NACIONALIDAD = 'EXTRANJERA' AND ESTADO_CIVIL_MADRE = 'SOLTERA' AND EDAD_MADRE > 40;

DESC CLIENTES_NEPTUNO;
SELECT * FROM CLIENTES_NEPTUNO WHERE PAIS = 'ARGENTINA' OR PAIS = 'BRASIL' OR PAIS = 'VENEZUELA' ORDER BY PAIS, CIUDAD;

DESC NACIMIENTOS;
SELECT * FROM NACIMIENTOS WHERE SEMANAS BETWEEN 20 AND 25 ORDER BY SEMANAS;
SELECT * FROM NACIMIENTOS WHERE COMUNA IN (1101, 3201, 5605, 8108, 9204, 13120, 15202) ORDER BY COMUNA;

DESC CLIENTES_NEPTUNO;
SELECT * FROM CLIENTES_NEPTUNO WHERE IDCLIENTE LIKE 'C%';
SELECT * FROM CLIENTES_NEPTUNO WHERE CIUDAD LIKE 'B____';

DESC NACIMIENTOS;
SELECT * FROM NACIMIENTOS WHERE HIJOS_TOTAL > 10;